Freq (Hz),s21avg
1600000000.0,-0.1473508204949257
1601401401.4014015,-0.1476194494979925
1602802802.8028028,-0.14836154142355867
1604204204.2042043,-0.14910363334912494
1605605605.6056056,-0.14984572527469106
1607007007.0070071,-0.15058781720025738
1608408408.4084084,-0.15001287920844025
1609809809.80981,-0.14859362542508203
1611211211.2112112,-0.14717437164172414
1612612612.6126127,-0.145755117858366
1614014014.014014,-0.14433586407500804
1615415415.4154155,-0.14468059736587846
1616816816.8168168,-0.1461326198838435
1618218218.2182183,-0.14758464240180866
1619619619.6196196,-0.14903666491977366
1621021021.0210211,-0.1504886874377389
1622422422.4224224,-0.1506663122719241
1623823823.823824,-0.15006071883494101
1625225225.2252252,-0.14945512539795794
1626626626.6266267,-0.14884953196097483
1628028028.028028,-0.14824393852399176
1629429429.4294295,-0.1481922619573997
1630830830.8308308,-0.14847384904546415
1632232232.2322323,-0.14875543613352862
1633633633.6336336,-0.14903702322159312
1635035035.0350351,-0.14931861030965754
1636436436.4364364,-0.14967784802369277
1637837837.837838,-0.15008281611109714
1639239239.2392392,-0.1504877841985015
1640640640.6406407,-0.15089275228590596
1642042042.042042,-0.15129772037331027
1643443443.4434435,-0.15282629553610388
1644844844.8448448,-0.15500251872908496
1646246246.2462463,-0.1571787419220665
1647647647.6476476,-0.15935496511504768
1649049049.0490491,-0.16153118830802918
1650450450.4504504,-0.1619972050925995
1651851851.851852,-0.16149854098787225
1653253253.2532532,-0.16099987688314524
1654654654.6546547,-0.16050121277841806
1656056056.056056,-0.16000254867369096
1657457457.4574575,-0.16047858208375734
1658858858.8588588,-0.16149258621803067
1660260260.2602603,-0.16250659035230441
1661661661.6616616,-0.16352059448657766
1663063063.0630631,-0.16453459862085132
1664464464.4644644,-0.1658775665370461
1665865865.865866,-0.1673981703812239
1667267267.2672672,-0.1689187742254014
1668668668.6686687,-0.17043937806957912
1670070070.07007,-0.17195998191375655
1671471471.4714715,-0.17247591890935957
1672872872.8728728,-0.1724611716912575
1674274274.2742743,-0.17244642447315547
1675675675.6756756,-0.17243167725505346
1677077077.0770772,-0.1724169300369514
1678478478.4784784,-0.1731115875662639
1679879879.87988,-0.17417274513814454
1681281281.2812812,-0.17523390271002498
1682682682.6826828,-0.17629506028190559
1684084084.084084,-0.1773562178537861
1685485485.4854856,-0.17799181204637282
1686886886.8868868,-0.17841240477013584
1688288288.2882884,-0.17883299749389883
1689689689.6896896,-0.1792535902176618
1691091091.0910912,-0.1796741829414247
1692492492.4924924,-0.1797303207523927
1693893893.893894,-0.179606427917509
1695295295.2952952,-0.17948253508262535
1696696696.6966968,-0.17935864224774167
1698098098.098098,-0.17923474941285802
1699499499.4994996,-0.17981593364018403
1700900900.9009008,-0.18073759627855202
1702302302.3023024,-0.1816592589169202
1703703703.7037036,-0.18258092155528827
1705105105.1051052,-0.18350258419365642
1706506506.5065064,-0.1848766479800019
1707907907.907908,-0.18646423666873416
1709309309.3093092,-0.18805182535746637
1710710710.7107108,-0.1896394140461988
1712112112.112112,-0.1912270027349309
1713513513.5135136,-0.19232702522126766
1714914914.9149148,-0.19320216908300378
1716316316.3163164,-0.19407731294474007
1717717717.7177176,-0.19495245680647602
1719119119.1191192,-0.19582760066821234
1720520520.5205204,-0.19668180672498722
1721921921.921922,-0.19752657761291983
1723323323.3233232,-0.19837134850085242
1724724724.7247248,-0.19921611938878508
1726126126.126126,-0.20006089027671753
1727527527.5275276,-0.2015746203299579
1728928928.9289289,-0.20338281451314327
1730330330.3303304,-0.2051910086963289
1731731731.7317317,-0.20699920287951415
1733133133.1331332,-0.20880739706269988
1734534534.5345345,-0.21039800754301607
1735935935.935936,-0.21189508182827893
1737337337.3373373,-0.2133921561135414
1738738738.7387388,-0.21488923039880437
1740140140.14014,-0.2163863046840668
1741541541.5415416,-0.2184880453462167
1742942942.9429429,-0.22084358609290197
1744344344.3443444,-0.22319912683958748
1745745745.7457457,-0.22555466758627257
1747147147.1471472,-0.22791020833295816
1748548548.5485485,-0.22946785922639343
1749949949.94995,-0.23069859188907763
1751351351.3513513,-0.23192932455176146
1752752752.7527528,-0.23316005721444572
1754154154.154154,-0.2343907898771296
1755555555.5555556,-0.23704676802945904
1756956956.9569569,-0.2402726468384242
1758358358.3583584,-0.24349852564738989
1759759759.75976,-0.24672440445635577
1761161161.1611612,-0.24995028326532093
1762562562.5625625,-0.2519706001189287
1763963963.963964,-0.25352058934712074
1765365365.3653655,-0.2550705785753127
1766766766.7667668,-0.2566205678035042
1768168168.168168,-0.2581705570316959
1769569569.5695696,-0.2590673903111023
1770970970.970971,-0.25971567436122756
1772372372.3723724,-0.26036395841135246
1773773773.7737737,-0.2610122424614776
1775175175.1751752,-0.26166052651160254
1776576576.5765767,-0.2646479982417701
1777977977.977978,-0.26850347642322314
1779379379.3793793,-0.27235895460467585
1780780780.7807808,-0.2762144327861294
1782182182.1821823,-0.28006991096758294
1783583583.5835836,-0.2804247568628777
1784984984.9849849,-0.2795132961080762
1786386386.3863864,-0.2786018353532745
1787787787.787788,-0.27769037459847284
1789189189.1891892,-0.27677891384367115
1790590590.5905905,-0.2781612873596679
1791991991.991992,-0.2803523008111024
1793393393.3933935,-0.282543314262537
1794794794.7947948,-0.2847343277139713
1796196196.196196,-0.2869253411654055
1797597597.5975976,-0.2873172338347941
1798998998.998999,-0.2870912321360998
1800400400.4004004,-0.2868652304374055
1801801801.8018017,-0.28663922873871106
1803203203.2032032,-0.28641322704001676
1804604604.6046047,-0.28772144175353015
1806006006.006006,-0.28954281876439475
1807407407.4074075,-0.29136419577525957
1808808808.8088088,-0.29318557278612417
1810210210.2102103,-0.29500694979698877
1811611611.6116116,-0.29532639259534754
1813013013.0130131,-0.29515675562192134
1814414414.4144144,-0.29498711864849514
1815815815.815816,-0.29481748167506905
1817217217.2172172,-0.29464784470164285
1818618618.6186187,-0.2962995433500868
1820020020.02002,-0.2985284316756874
1821421421.4214215,-0.30075732000128835
1822822822.8228228,-0.302986208326889
1824224224.2242243,-0.30521509665248997
1825625625.6256256,-0.3075779295139239
1827027027.0270271,-0.3099820561571302
1828428428.4284284,-0.3123861828003363
1829829829.82983,-0.3147903094435428
1831231231.2312312,-0.31719443608674874
1832632632.6326327,-0.3187896947428708
1834034034.034034,-0.32014246475914776
1835435435.4354355,-0.32149523477542497
1836836836.8368368,-0.3228480047917018
1838238238.2382383,-0.32420077480797904
1839639639.6396396,-0.32917284324595175
1841041041.0410411,-0.33519955701099974
1842442442.4424424,-0.3412262707760469
1843843843.843844,-0.3472529845410948
1845245245.2452452,-0.353279698306142
1846646646.6466467,-0.3557768683357438
1848048048.048048,-0.35727478940206664
1849449449.4494495,-0.3587727104683899
1850850850.8508508,-0.36027063153471295
1852252252.2522523,-0.3617685526010363
1853653653.6536536,-0.3656437730941406
1855055055.0550551,-0.3701725858810516
1856456456.4564564,-0.374701398667962
1857857857.857858,-0.37923021145487307
1859259259.2592592,-0.3837590242417835
1860660660.6606607,-0.3868120600007177
1862062062.062062,-0.3894712775561996
1863463463.4634635,-0.39213049511168196
1864864864.8648648,-0.3947897126671637
1866266266.2662663,-0.397448930222646
1867667667.6676676,-0.4029656158522233
1869069069.0690691,-0.40922204486830316
1870470470.4704704,-0.4154784738843817
1871871871.871872,-0.4217349029004617
1873273273.2732732,-0.42799133191654004
1874674674.6746747,-0.431753465522457
1876076076.076076,-0.4348895150695769
1877477477.4774776,-0.4380255646166967
1878878878.8788788,-0.44116161416381594
1880280280.2802804,-0.4442976637109363
1881681681.6816816,-0.44767159055610317
1883083083.0830832,-0.4511033762812481
1884484484.4844844,-0.45453516200639293
1885885885.885886,-0.4579669477315379
1887287287.2872872,-0.46139873345668264
1888688688.6886888,-0.46584100669770445
1890090090.09009,-0.4705212998435306
1891491491.4914916,-0.4752015929893565
1892892892.8928928,-0.4798818861351821
1894294294.2942944,-0.4845621792810085
1895695695.6956956,-0.48975101533743437
1897097097.0970972,-0.4950557806288005
1898498498.4984984,-0.5003605459201654
1899899899.8999,-0.5056653112115321
1901301301.3013012,-0.5109700765028974
1902702702.7027028,-0.5180702368199603
1904104104.104104,-0.5255662279900686
1905505505.5055056,-0.5330622191601784
1906906906.9069068,-0.5405582103302866
1908308308.3083084,-0.5480542015003962
1909709709.7097096,-0.5529634940183679
1911111111.1111112,-0.5573216451228293
1912512512.5125124,-0.5616797962272899
1913913913.913914,-0.5660379473317517
1915315315.3153152,-0.5703960984362125
1916716716.7167168,-0.5762628601442502
1918118118.1181183,-0.5824400248099993
1919519519.5195196,-0.588617189475747
1920920920.9209208,-0.5947943541414953
1922322322.3223224,-0.6009715188072442
1923723723.723724,-0.608285472254651
1925125125.1251252,-0.6158251107182799
1926526526.5265265,-0.6233647491819088
1927927927.927928,-0.6309043876455387
1929329329.3293295,-0.6384440261091691
1930730730.7307308,-0.6440480513703921
1932132132.132132,-0.64928162161293
1933533533.5335336,-0.6545151918554688
1934934934.934935,-0.6597487620980078
1936336336.3363364,-0.6649823323405459
1937737737.7377377,-0.6732780045089475
1939139139.1391392,-0.6821381260473629
1940540540.5405407,-0.6909982475857774
1941941941.941942,-0.6998583691241913
1943343343.3433433,-0.7087184906626045
1944744744.7447448,-0.7141417982293721
1946146146.1461463,-0.7189555455632468
1947547547.5475476,-0.7237692928971208
1948948948.9489489,-0.7285830402309948
1950350350.3503504,-0.73339678756487
1951751751.751752,-0.7438427282561254
1953153153.1531532,-0.7552487983283864
1954554554.5545545,-0.766654868400647
1955955955.955956,-0.77806093847291
1957357357.3573575,-0.789467008545174
1958758758.7587588,-0.7978919019836154
1960160160.16016,-0.8058288915787103
1961561561.5615616,-0.8137658811738058
1962962962.962963,-0.8217028707689015
1964364364.3643644,-0.8296398603639962
1965765765.7657657,-0.8391137075565622
1967167167.1671672,-0.8488287340055483
1968568568.5685687,-0.8585437604545352
1969969969.96997,-0.8682587869035197
1971371371.3713713,-0.877973813352505
1972772772.7727728,-0.888733162707538
1974174174.1741743,-0.899649448919758
1975575575.5755756,-0.9105657351319758
1976976976.9769769,-0.9214820213441948
1978378378.3783784,-0.9323983075564142
1979779779.77978,-0.9448646211570718
1981181181.1811812,-0.9575536711132832
1982582582.5825825,-0.9702427210694955
1983983983.983984,-0.9829317710257092
1985385385.3853855,-0.9956208209819235
1986786786.7867868,-1.0073100563789366
1988188188.188188,-1.018862121923966
1989589589.5895896,-1.030414187468998
1990990990.990991,-1.0419662530140308
1992392392.3923924,-1.0535183185590602
1993793793.7937937,-1.069151596056746
1995195195.1951952,-1.085318556443005
1996596596.5965967,-1.1014855168292632
1997997997.997998,-1.1176524772155183
1999399399.3993993,-1.1338194376017747
2000800800.8008008,-1.1505488273567408
2002202202.2022023,-1.1673481881464434
2003603603.6036036,-1.1841475489361433
2005005005.0050051,-1.2009469097258465
2006406406.4064064,-1.2177462705155466
2007807807.807808,-1.235501221948254
2009209209.2092092,-1.253369050079296
2010610610.6106107,-1.271236878210341
2012012012.012012,-1.2891047063413834
2013413413.4134135,-1.3069725344724283
2014814814.8148148,-1.3255608881743839
2016216216.2162163,-1.344229873157547
2017617617.6176176,-1.3628988581407082
2019019019.0190191,-1.3815678431238712
2020420420.4204204,-1.400236828107032
2021821821.821822,-1.4202721023880185
2023223223.2232232,-1.4404518736540797
2024624624.6246247,-1.4606316449201429
2026026026.026026,-1.4808114161862034
2027427427.4274275,-1.5009911874522686
2028828828.8288288,-1.5224907644433894
2030230230.2302303,-1.5441218980942448
2031631631.6316316,-1.5657530317450974
2033033033.0330331,-1.5873841653959533
2034434434.4344344,-1.609015299046804
2035835835.835836,-1.6316462890287895
2037237237.2372372,-1.6543709309573242
2038638638.6386387,-1.6770955728858634
2040040040.04004,-1.6998202148143986
2041441441.4414415,-1.722544856742937
2042842842.8428428,-1.7454928313328264
2044244244.2442443,-1.7684603960850886
2045645645.6456456,-1.791427960837347
2047047047.0470471,-1.8143955255896087
2048448448.4484484,-1.8373630903418658
2049849849.84985,-1.8605420728965063
2051251251.2512512,-1.883738356565219
2052652652.6526527,-1.9069346402339356
2054054054.054054,-1.9301309239026487
2055455455.4554555,-1.9533272075713646
2056856856.8568568,-1.9768042913273562
2058258258.2582583,-2.000302719659312
2059659659.6596596,-2.0238011479912634
2061061061.0610611,-2.047299576323219
2062462462.4624624,-2.070798004655173
2063863863.863864,-2.0958967077801054
2065265265.2652652,-2.121107838815146
2066666666.6666667,-2.146318969850193
2068068068.068068,-2.1715301008852337
2069469469.4694695,-2.196741231920282
2070870870.8708708,-2.2215295071439174
2072272272.2722723,-2.2462904833757786
2073673673.6736736,-2.271051459607637
2075075075.0750751,-2.2958124358394976
2076476476.4764764,-2.320573412071355
2077877877.877878,-2.3466359419343847
2079279279.2792792,-2.3727751622084705
2080680680.6806808,-2.3989143824825607
2082082082.082082,-2.425053602756646
2083483483.4834836,-2.451192823030738
2084884884.8848848,-2.47651126116748
2086286286.2862864,-2.501785914555491
2087687687.6876876,-2.5270605679435008
2089089089.0890892,-2.552335221331511
2090490490.4904904,-2.5776098747195184
2091891891.891892,-2.6033747516571832
2093293293.2932935,-2.6291630742900867
2094694694.6946948,-2.654951396922985
2096096096.096096,-2.680739719555883
2097497497.4974976,-2.706528042188786
2098898898.898899,-2.7309625804609636
2100300300.3003004,-2.7553397650533706
2101701701.7017016,-2.779716949645778
2103103103.1031032,-2.8040941342381918
2104504504.5045047,-2.828471318830604
2105905905.905906,-2.854845451171828
2107307307.3073072,-2.8812933926700914
2108708708.7087088,-2.9077413341683593
2110110110.1101103,-2.934189275666627
2111511511.5115116,-2.9606372171648916
2112912912.9129128,-2.984349403362015
2114314314.3143144,-3.007975106104193
2115715715.715716,-3.0316008088463717
2117117117.1171172,-3.0552265115885446
2118518518.5185184,-3.0788522143307175
2119919919.91992,-3.104038308539307
2121321321.3213215,-3.1292654698538587
2122722722.7227228,-3.154492631168409
2124124124.124124,-3.1797197924829605
2125525525.5255256,-3.204946953797513
2126926926.926927,-3.22635122628074
2128328328.3283284,-3.2476749172221
2129729729.7297297,-3.2689986081634608
2131131131.1311312,-3.2903222991048273
2132532532.5325327,-3.311645990046189
2133933933.933934,-3.3354142382409915
2135335335.3353353,-3.359221335766514
2136736736.7367368,-3.3830284332920417
2138138138.1381383,-3.4068355308175695
2139539539.5395396,-3.4306426283430924
2140940940.9409409,-3.454658728470166
2142342342.3423424,-3.4786770770615565
2143743743.743744,-3.5026954256529494
2145145145.1451452,-3.5267137742443357
2146546546.5465465,-3.5507321228357225
2147947947.947948,-3.5706059839625093
2149349349.3493495,-3.5904563226572037
2150750750.7507505,-3.610306661351892
2152152152.152152,-3.6301570000465873
2153553553.5535536,-3.650007338741283
2154954954.954955,-3.6734064918406184
2156356356.3563566,-3.6968079303011887
2157757757.7577577,-3.7202093687617532
2159159159.159159,-3.743610807222322
2160560560.5605607,-3.7669987501064117
2161961961.9619617,-3.787302340329097
2163363363.3633633,-3.8076059305517895
2164764764.764765,-3.8279095207744818
2166166166.1661663,-3.848213110997173
2167567567.567568,-3.8685485039697616
2168968968.968969,-3.8922511182553183
2170370370.3703704,-3.9159537325408835
2171771771.771772,-3.9396563468264514
2173173173.173173,-3.963358961112008
2174574574.5745745,-3.9870189104418956
2175975975.975976,-4.00774968988348
2177377377.3773775,-4.028480469325064
2178778778.778779,-4.0492112487666505
2180180180.18018,-4.069942028208227
2181581581.5815816,-4.090740560604419
2182982982.982983,-4.114971620565409
2184384384.384384,-4.139202680526393
2185785785.7857857,-4.1634337404873785
2187187187.187187,-4.1876648004483705
2188588588.5885887,-4.211801152659889
2189989989.98999,-4.2321438050206375
2191391391.3913913,-4.252486457381378
2192792792.792793,-4.272829109742124
2194194194.1941943,-4.2931717621028715
2195595595.5955954,-4.313582900037963
2196996996.996997,-4.33625845054699
2198398398.3983984,-4.358934001056018
2199799799.7998,-4.381609551565041
2201201201.2012014,-4.404285102074068
2202602602.6026025,-4.427126958922235
2204004004.004004,-4.454643126219205
2205405405.4054055,-4.482159293516176
2206806806.8068066,-4.5096754608131375
2208208208.208208,-4.537191628110111
2209609609.6096096,-4.564485526917591
2211011011.011011,-4.586354117500479
2212412412.4124126,-4.6082227080833675
2213813813.8138137,-4.630091298666249
2215215215.215215,-4.651959889249139
2216616616.6166167,-4.674088718717473
2218018018.018018,-4.701824302030215
2219419419.4194193,-4.729559885342971
2220820820.820821,-4.757295468655726
2222222222.2222223,-4.78503105196848
2223623623.623624,-4.812580267982104
2225025025.025025,-4.836539904010567
2226426426.4264264,-4.860499540039042
2227827827.827828,-4.884459176067511
2229229229.2292295,-4.9084188120959835
2230630630.6306305,-4.932590232881659
2232032032.032032,-4.960446091219523
2233433433.4334335,-4.988301949557384
2234834834.834835,-5.016157807895249
2236236236.2362366,-5.044013666233114
2237637637.6376376,-5.072039650890634
2239039039.039039,-5.102761690760804
2240440440.4404407,-5.133483730630974
2241841841.8418417,-5.164205770501141
2243243243.243243,-5.194927810371311
2244644644.6446447,-5.22539577172622
2246046046.0460463,-5.252169822359166
2247447447.447448,-5.278943872992115
2248848848.848849,-5.305717923625055
2250250250.2502503,-5.332491974258002
2251651651.651652,-5.359450743872583
2253053053.053053,-5.388888123148611
2254454454.4544544,-5.41832550242465
2255855855.855856,-5.447762881700687
2257257257.2572575,-5.477200260976725
2258658658.658659,-5.506746132080593
2260060060.06006,-5.537642589200922
2261461461.4614615,-5.568539046321264
2262862862.862863,-5.599435503441603
2264264264.264264,-5.630331960561931
2265665665.6656656,-5.661028936208568
2267067067.067067,-5.689411652986528
2268468468.4684687,-5.717794369764487
2269869869.86987,-5.746177086542445
2271271271.271271,-5.774559803320394
2272672672.6726727,-5.8032957700711245
2274074074.0740743,-5.8358660745544375
2275475475.4754753,-5.868436379037743
2276876876.876877,-5.90100668352106
2278278278.2782784,-5.933576988004374
2279679679.67968,-5.966088131120739
2281081081.0810814,-5.997996352716301
2282482482.4824824,-6.029904574311853
2283883883.883884,-6.061812795907415
2285285285.2852855,-6.093721017502978
2286686686.6866865,-6.1257116131314815
2288088088.088088,-6.1584928438905555
2289489489.4894896,-6.191274074649628
2290890890.890891,-6.224055305408699
2292292292.2922926,-6.25683653616778
2293693693.6936936,-6.289612423285273
2295095095.095095,-6.3223398715034165
2296496496.4964967,-6.355067319721558
2297897897.8978977,-6.387794767939686
2299299299.2992992,-6.420522216157825
2300700700.7007008,-6.4529532663726785
2302102102.1021023,-6.4828404680697505
2303503503.503504,-6.51272766976682
2304904904.904905,-6.542614871463874
2306306306.3063064,-6.5725020731609485
2307707707.707708,-6.602772721859242
2309109109.109109,-6.636166319855446
2310510510.5105104,-6.669559917851667
2311911911.911912,-6.702953515847884
2313313313.3133135,-6.736347113844099
2314714714.714715,-6.769479214455465
2316116116.116116,-6.800586125363346
2317517517.5175176,-6.83169303627124
2318918918.918919,-6.86279994717913
2320320320.32032,-6.893906858087012
2321721721.7217216,-6.9245084212470625
2323123123.123123,-6.951381394159777
2324524524.5245247,-6.978254367072491
2325925925.925926,-7.005127339985209
2327327327.3273273,-7.032000312897915
2328728728.728729,-7.0582203797899785
2330130130.1301303,-7.079843073396508
2331531531.5315313,-7.101465767003028
2332932932.932933,-7.123088460609557
2334334334.3343344,-7.144711154216085
2335735735.735736,-7.166344216563589
2337137137.1371374,-7.188047066529757
2338538538.5385385,-7.209749916495912
2339939939.93994,-7.231452766462081
2341341341.3413415,-7.253155616428251
2342742742.7427425,-7.273328868359832
2344144144.144144,-7.2836470903604775
2345545545.5455456,-7.293965312361124
2346946946.946947,-7.304283534361767
2348348348.3483486,-7.314601756362414
2349749749.7497497,-7.325351974423926
2351151151.151151,-7.338770132633997
2352552552.5525527,-7.352188290844075
2353953953.9539537,-7.365606449054144
2355355355.3553553,-7.379024607264219
2356756756.756757,-7.388575215302854
2358158158.1581583,-7.375201702229312
2359559559.55956,-7.361828189155768
2360960960.960961,-7.3484546760822305
2362362362.3623624,-7.335081163008686
2363763763.763764,-7.321763811482883
2365165165.165165,-7.308766322030261
2366566566.5665665,-7.295768832577643
2367967967.967968,-7.282771343125015
2369369369.3693695,-7.26977385367239
2370770770.770771,-7.2549475852832686
2372172172.172172,-7.230102329789187
2373573573.5735736,-7.205257074295099
2374974974.974975,-7.180411818801012
2376376376.376376,-7.155566563306927
2377777777.7777777,-7.128384058207236
2379179179.179179,-7.088871998726425
2380580580.5805807,-7.049359939245605
2381981981.981982,-7.009847879764793
2383383383.3833833,-6.970335820283996
2384784784.784785,-6.929659174488874
2386186186.1861863,-6.883061378999317
2387587587.5875874,-6.836463583509774
2388988988.988989,-6.789865788020215
2390390390.3903904,-6.74326799253066
2391791791.791792,-6.694832506747796
2393193193.1931934,-6.63738368994143
2394594594.5945945,-6.5799348731350875
2395995995.995996,-6.522486056328728
2397397397.3973975,-6.4650372395223705
2398798798.7987986,-6.406477206507724
2400200200.2002,-6.342655145122237
2401601601.6016016,-6.278833083736751
2403003003.003003,-6.215011022351262
2404404404.4044046,-6.151188960965776
2405805805.8058057,-6.087003326128279
2407207207.207207,-6.021154164623811
2408608608.6086087,-5.95530500311935
2410010010.0100102,-5.889455841614883
2411411411.4114113,-5.82360668011044
2412812812.812813,-5.75692370671831
2414214214.2142143,-5.686551720259251
2415615615.615616,-5.616179733800197
2417017017.0170174,-5.545807747341143
2418418418.4184184,-5.475435760882116
2419819819.81982,-5.405570252719706
2421221221.2212214,-5.3378730013174485
2422622622.6226225,-5.2701757499152135
2424024024.024024,-5.202478498512953
2425425425.4254255,-5.1347812471106975
2426826826.826827,-5.067343117313701
2428228228.2282286,-5.000979094751561
2429629629.6296296,-4.934615072189444
2431031031.031031,-4.868251049627303
2432432432.4324327,-4.801887027065162
2433833833.8338337,-4.736034015546591
2435235235.235235,-4.672233296455924
2436636636.6366367,-4.608432577365264
2438038038.0380383,-4.544631858274599
2439439439.43944,-4.480831139183933
2440840840.840841,-4.418494731186588
2442242242.2422423,-4.361859487891607
2443643643.643644,-4.305224244596628
2445045045.045045,-4.248589001301668
2446446446.4464464,-4.19195375800669
2447847847.847848,-4.13538390592415
2449249249.2492495,-4.07906100656184
2450650650.650651,-4.022738107199532
2452052052.052052,-3.966415207837244
2453453453.4534535,-3.910092308474932
2454854854.854855,-3.8556089702022476
2456256256.256256,-3.80786785698553
2457657657.6576576,-3.760126743768793
2459059059.059059,-3.7123856305520615
2460460460.4604607,-3.664644517335325
2461861861.861862,-3.6176453099714116
2463263263.263263,-3.573286389990284
2464664664.6646647,-3.5289274700091418
2466066066.0660663,-3.484568550028
2467467467.4674673,-3.4402096300468723
2468868868.868869,-3.398066214199989
2470270270.2702703,-3.3635822243847833
2471671671.671672,-3.3290982345695754
2473073073.0730734,-3.294614244754368
2474474474.4744744,-3.2601302549391735
2475875875.875876,-3.224961780989881
2477277277.2772775,-3.1874934226211424
2478678678.6786785,-3.1500250642524175
2480080080.08008,-3.112556705883675
2481481481.4814816,-3.075088347514938
2482882882.882883,-3.040567737743004
2484284284.2842846,-3.015677436335719
2485685685.6856856,-2.990787134928439
2487087087.087087,-2.965896833521152
2488488488.4884887,-2.9410065321138674
2489889889.8898897,-2.9166645279958128
2491291291.291291,-2.8940649412198325
2492692692.6926928,-2.871465354443849
2494094094.0940943,-2.848865767667866
2495495495.495496,-2.8262661808918845
2496896896.896897,-2.8039178023679203
2498298298.2982984,-2.782346255845302
2499699699.6997,-2.760774709322683
2501101101.101101,-2.7392031628000724
2502502502.5025024,-2.7176316162774556
2503903903.903904,-2.697359667040187
2505305305.3053055,-2.680999926188424
2506706706.706707,-2.6646401853366593
2508108108.108108,-2.648280444484903
2509509509.5095096,-2.6319207036331402
2510910910.910911,-2.6166260136889634
2512312312.312312,-2.6044535107377973
2513713713.7137136,-2.5922810077866263
2515115115.115115,-2.5801085048354557
2516516516.5165167,-2.5679360018842856
2517917917.917918,-2.555345023796655
2519319319.3193192,-2.541559007244329
2520720720.720721,-2.527772990691998
2522122122.1221223,-2.5139869741396663
2523523523.5235233,-2.5002009575873396
2524924924.924925,-2.4880419356551173
2526326326.3263264,-2.480410468040281
2527727727.727728,-2.472779000425444
2529129129.1291294,-2.465147532810606
2530530530.5305305,-2.4575160651957715
2531931931.931932,-2.45000931840496
2533333333.3333335,-2.4428408834395055
2534734734.7347345,-2.435672448474054
2536136136.136136,-2.4285040135085993
2537537537.5375376,-2.4213355785431467
2538938938.938939,-2.41566237923174
2540340340.3403406,-2.4139439190428615
2541741741.7417417,-2.4122254588539853
2543143143.143143,-2.410506998665106
2544544544.5445447,-2.408788538476228
2545945945.9459457,-2.406507191950679
2547347347.3473473,-2.4027737921905086
2548748748.748749,-2.399040392430341
2550150150.1501503,-2.3953069926701707
2551551551.551552,-2.391573592910003
2552952952.952953,-2.3880795869656968
2554354354.3543544,-2.385188066571891
2555755755.755756,-2.3822965461780843
2557157157.157157,-2.3794050257842816
2558558558.5585585,-2.3765135053904753
2559959959.95996,-2.3748834489471804
2561361361.3613615,-2.3763514789041538
2562762762.762763,-2.3778195088611267
2564164164.164164,-2.3792875388181005
2565565565.5655656,-2.380755568775074
2566966966.966967,-2.3818446611674133
2568368368.368368,-2.382025348573829
2569769769.7697697,-2.382206035980246
2571171171.171171,-2.3823867233866616
2572572572.5725727,-2.3825674107930785
2573973973.973974,-2.3831551181201847
2575375375.3753753,-2.384695455336085
2576776776.776777,-2.3862357925519855
2578178178.1781783,-2.3877761297678872
2579579579.5795794,-2.389316466983789
2580980980.980981,-2.389095278525933
2582382382.3823824,-2.3848479093966977
2583783783.783784,-2.3806005402674613
2585185185.1851854,-2.376353171138225
2586586586.586587,-2.3721058020089885
2587987987.987988,-2.3711582714984543
2589389389.3893895,-2.377577687470477
2590790790.790791,-2.3839971034425003
2592192192.192192,-2.3904165194145213
2593593593.5935936,-2.3968359353865463
2594994994.994995,-2.4009551163507465
2596396396.3963966,-2.4000572493057564
2597797797.797798,-2.399159382260765
2599199199.199199,-2.3982615152157765
2600600600.6006007,-2.3973636481707854
2602002002.0020022,-2.3984235365519018
2603403403.4034033,-2.4036559841259355
2604804804.804805,-2.4088884316999715
2606206206.2062063,-2.4141208792740083
2607607607.607608,-2.419353326848045
2609009009.0090094,-2.4229065144738287
2610410410.4104104,-2.4229617564687014
2611811811.811812,-2.4230169984635768
2613213213.2132134,-2.42307224045845
2614614614.6146145,-2.4231274824533244
2616016016.016016,-2.4271369766003694
2617417417.4174175,-2.439198214908765
2618818818.818819,-2.4512594532171614
2620220220.2202206,-2.4633206915255577
2621621621.6216216,-2.4753819298339503
2623023023.023023,-2.483172726637237
2624424424.4244246,-2.4824618419957916
2625825825.8258257,-2.481750957354346
2627227227.227227,-2.4810400727129003
2628628628.6286287,-2.4803291880714564
2630030030.0300303,-2.4841869233304856
2631431431.431432,-2.496938638541646
2632832832.832833,-2.5096903537528004
2634234234.2342343,-2.52244206896396
2635635635.635636,-2.53519378417512
2637037037.037037,-2.5455324028705473
2638438438.4384384,-2.551276563507562
2639839839.83984,-2.55702072414458
2641241241.2412415,-2.562764884781596
2642642642.642643,-2.568509045418611
2644044044.044044,-2.575218942407672
2645445445.4454455,-2.583727432690621
2646846846.846847,-2.59223592297357
2648248248.248248,-2.6007444132565154
2649649649.6496496,-2.6092529035394647
2651051051.051051,-2.6183651583130514
2652452452.4524527,-2.6285774824477577
2653853853.853854,-2.638789806582464
2655255255.255255,-2.6490021307171685
2656656656.6566567,-2.659214454851874
2658058058.0580583,-2.6692674664934684
2659459459.4594593,-2.679036463398404
2660860860.860861,-2.6888054603033447
2662262262.2622623,-2.6985744572082835
2663663663.663664,-2.7083434541132227
2665065065.0650654,-2.717476232201717
2666466466.4664664,-2.725499085072388
2667867867.867868,-2.733521937943065
2669269269.2692695,-2.7415447908137396
2670670670.6706705,-2.7495676436844123
2672072072.072072,-2.759483703609598
2673473473.4734735,-2.7726322477416456
2674874874.874875,-2.7857807918736954
2676276276.2762766,-2.798929336005744
2677677677.677678,-2.8120778801377937
2679079079.079079,-2.8220926835393074
2680480480.4804807,-2.8268702196368785
2681881881.8818817,-2.83164775573445
2683283283.283283,-2.8364252918320205
2684684684.6846848,-2.8412028279295924
2686086086.0860863,-2.8477614671537266
2687487487.487488,-2.857234068259332
2688888888.8888893,-2.866706669364936
2690290290.2902904,-2.876179270470537
2691691691.691692,-2.8856518715761412
2693093093.093093,-2.8926806420622264
2694494494.4944944,-2.895795002761563
2695895895.895896,-2.898909363460897
2697297297.2972975,-2.902023724160234
2698698698.698699,-2.905138084859567
2700100100.1001005,-2.9089796770848686
2701501501.5015016,-2.913961816147138
2702902902.902903,-2.918943955209409
2704304304.304304,-2.9239260942716783
2705705705.7057056,-2.928908233333949
2707107107.107107,-2.934284571586458
2708508508.5085087,-2.940266311909439
2709909909.90991,-2.946248052232422
2711311311.3113117,-2.952229792555402
2712712712.712713,-2.9582115328783827
2714114114.1141143,-2.9617210817543618
2715515515.5155153,-2.9615123835959465
2716916916.916917,-2.9613036854375268
2718318318.3183184,-2.96109498727911
2719719719.71972,-2.960886289120693
2721121121.1211214,-2.961079943734982
2722522522.522523,-2.961866290386643
2723923923.923924,-2.9626526370383015
2725325325.3253255,-2.963438983689963
2726726726.7267265,-2.9642253303416197
2728128128.128128,-2.9662290665558073
2729529529.5295296,-2.969989324099113
2730930930.930931,-2.973749581642418
2732332332.3323326,-2.9775098391857253
2733733733.733734,-2.98127009672903
2735135135.135135,-2.9823221803161486
2736536536.5365367,-2.9795465819556353
2737937937.9379377,-2.9767709835951224
2739339339.3393393,-2.9739953852346095
2740740740.740741,-2.971219786874094
2742142142.1421423,-2.9681571343817934
2743543543.543544,-2.9646970249290723
2744944944.9449453,-2.961236915476351
2746346346.3463464,-2.957776806023633
2747747747.747748,-2.954316696570912
2749149149.149149,-2.9516762643706462
2750550550.5505505,-2.950147732204387
2751951951.951952,-2.9486192000381295
2753353353.3533535,-2.9470906678718722
2754754754.754755,-2.945562135705615
2756156156.1561565,-2.9419112748437315
2757557557.5575576,-2.9354396964822045
2758958958.958959,-2.928968118120675
2760360360.36036,-2.922496539759146
2761761761.7617617,-2.9160249613976146
2763163163.163163,-2.9077569296067662
2764564564.5645647,-2.8971494543598606
2765965965.965966,-2.886541979112956
2767367367.3673677,-2.8759345038660507
2768768768.768769,-2.865327028619148
2770170170.1701703,-2.8554455941754147
2771571571.5715714,-2.8464906287002427
2772972972.972973,-2.837535663225064
2774374374.3743744,-2.8285806977498873
2775775775.775776,-2.819625732274708
2777177177.1771774,-2.809107149695159
2778578578.578579,-2.796633348936075
2779979979.97998,-2.7841595481769965
2781381381.3813815,-2.7716857474179135
2782782782.7827826,-2.759211946658834
2784184184.184184,-2.7452477993410733
2785585585.5855856,-2.7294573740931374
2786986986.986987,-2.713666948845202
2788388388.3883886,-2.697876523597264
2789789789.78979,-2.6820860983493287
2791191191.191191,-2.66503541563048
2792592592.5925927,-2.646471270518464
2793993993.9939938,-2.6279071254064528
2795395395.3953953,-2.6093429802944375
2796796796.796797,-2.5907788351824212
2798198198.1981983,-2.5747493154704224
2799599599.5996,-2.5617029452350497
2801001001.0010014,-2.5486565749996757
2802402402.4024024,-2.535610204764307
2803803803.803804,-2.5225638345289325
2805205205.205205,-2.5068776475316517
2806606606.6066065,-2.488146384056335
2808008008.008008,-2.4694151205810186
2809409409.4094095,-2.4506838571057035
2810810810.810811,-2.431952593630387
2812212212.2122126,-2.416439253851498
2813613613.6136136,-2.404564024409289
2815015015.015015,-2.3926887949670768
2816416416.416416,-2.380813565524868
2817817817.8178177,-2.368938336082654
2819219219.219219,-2.3529395311751276
2820620620.6206207,-2.3323713123361953
2822022022.0220222,-2.311803093497263
2823423423.423424,-2.2912348746583304
2824824824.824825,-2.2706666558194057
2826226226.2262263,-2.254987250247038
2827627627.6276274,-2.2446177330485737
2829029029.029029,-2.2342482158501062
2830430430.4304304,-2.2238786986516375
2831831831.831832,-2.213509181453171
2833233233.2332335,-2.201736547866308
2834634634.634635,-2.1884701632265484
2836036036.036036,-2.175203778586795
2837437437.4374375,-2.161937393947036
2838838838.8388386,-2.1486710093072827
2840240240.24024,-2.13492724509295
2841641641.6416416,-2.1206853351718142
2843043043.043043,-2.106443425250681
2844444444.4444447,-2.0922015153295455
2845845845.845846,-2.077959605408411
2847247247.247247,-2.062956790228959
2848648648.6486487,-2.047175696829144
2850050050.05005,-2.0313946034293338
2851451451.4514513,-2.0156135100295196
2852852852.852853,-1.9998324166297043
2854254254.2542543,-1.9868218485209246
2855655655.655656,-1.9765889469401756
2857057057.0570574,-1.966356045359426
2858458458.458459,-1.9561231437786764
2859859859.85986,-1.9458902421979303
2861261261.2612615,-1.9333932286258793
2862662662.6626625,-1.9186712161083146
2864064064.064064,-1.9039492035907468
2865465465.4654655,-1.889227191073179
2866866866.866867,-1.8745051785556088
2868268268.2682686,-1.859315717779764
2869669669.66967,-1.8436759819832396
2871071071.071071,-1.828036246186721
2872472472.4724727,-1.8123965103901958
2873873873.8738737,-1.7967567745936772
2875275275.275275,-1.781821497854493
2876676676.6766768,-1.767551355220464
2878078078.0780783,-1.753281212586434
2879479479.47948,-1.7390110699524037
2880880880.8808813,-1.7247409273183738
2882282282.2822824,-1.7105430560015835
2883683683.683684,-1.696412068892113
2885085085.085085,-1.6822810817826475
2886486486.4864864,-1.6681500946731778
2887887887.887888,-1.654019107563707
2889289289.2892895,-1.6389693339626166
2890690690.690691,-1.623086129412557
2892092092.0920925,-1.6072029248624968
2893493493.4934936,-1.5913197203124418
2894894894.894895,-1.575436515762381
2896296296.296296,-1.5577955638572392
2897697697.6976976,-1.5385918228279132
2899099099.099099,-1.5193880817985874
2900500500.5005007,-1.5001843407692612
2901901901.901902,-1.4809805997399357
2903303303.3033037,-1.4640715276860705
2904704704.7047048,-1.4491620532219045
2906106106.1061063,-1.4342525787577338
2907507507.5075073,-1.4193431042935687
2908908908.908909,-1.404433629829399
2910310310.3103104,-1.3859307382297295
2911711711.711712,-1.3643588474152095
2913113113.1131134,-1.3427869566006876
2914514514.514515,-1.3212150657861672
2915915915.915916,-1.299643174971653
2917317317.3173175,-1.2788493130073006
2918718718.7187185,-1.2587066858135036
2920120120.12012,-1.2385640586196986
2921521521.5215216,-1.2184214314258954
2922922922.922923,-1.1982788042320907
2924324324.3243246,-1.1765984006324433
2925725725.725726,-1.153656540907501
2927127127.127127,-1.1307146811825668
2928528528.5285287,-1.1077728214576246
2929929929.9299297,-1.08483096173269
2931331331.3313313,-1.060644533440067
2932732732.732733,-1.0354576045003396
2934134134.1341343,-1.010270675560613
2935535535.535536,-0.9850837466208848
2936936936.9369373,-0.9598968176811581
2938338338.3383384,-0.9323256240019405
2939739739.73974,-0.9028761808806143
2941141141.141141,-0.8734267377592976
2942542542.5425425,-0.843977294637971
2943943943.943944,-0.8145278515166449
2945345345.3453455,-0.7853483343711464
2946746746.746747,-0.756377181136814
2948148148.1481485,-0.7274060279024812
2949549549.5495496,-0.6984348746681582
2950950950.950951,-0.6694637214338259
2952352352.352352,-0.6365358455698185
2953753753.7537537,-0.6006152273220384
2955155155.155155,-0.5646946090742573
2956556556.5565567,-0.5287739908264767
2957957957.957958,-0.4928533725786956
2959359359.3593597,-0.45751131183965826
2960760760.760761,-0.4225980079925633
2962162162.1621623,-0.38768470414545597
2963563563.5635633,-0.352771400298361
2964964964.964965,-0.31785809645125396
2966366366.3663664,-0.279769154859683
2967767767.767768,-0.23937453148440466
2969169169.1691694,-0.19897990810912647
2970570570.570571,-0.15858528473384823
2971971971.971972,-0.11819066135858369
2973373373.3733735,-0.0761739096185309
2974774774.7747746,-0.033003363423168175
2976176176.176176,0.010167182772209175
2977577577.5775776,0.053337728967586595
2978978978.978979,0.09650827516296394
2980380380.3803806,0.1425888685769215
2981781781.781782,0.19069708413939818
2983183183.183183,0.23880529970185876
2984584584.5845847,0.2869135152643356
2985985985.9859858,0.3350217308267958
2987387387.3873873,0.38335979796204656
2988788788.788789,0.4318547369769663
2990190190.1901903,0.4803496759918859
2991591591.591592,0.5288446150068057
2992992992.9929934,0.5773395540217257
2994394394.3943944,0.6282936470152227
2995795795.795796,0.6808915768922571
2997197197.197197,0.733489506769273
2998598598.5985985,0.7860874366463068
3000000000.0,0.8386853665233408
